<mvc:View controllerName="com.posadminbtp.user.CreateUser"
    xmlns:uxap="sap.uxap"
    xmlns:mvc="sap.ui.core.mvc"
    xmlns:core="sap.ui.core"
    xmlns="sap.m"
    xmlns:f="sap.f"
     xmlns:field="http://schemas.sap.com/sapui5/extension/sap.ui.core.CustomData/1"
    xmlns:form="sap.ui.layout.form" displayBlock="true" height="100%" busyIndicatorDelay="0">
    <uxap:ObjectPageLayout id= "id_createuser" showTitleInHeaderContent="true" alwaysShowContentHeader="false" preserveHeaderStateOnScroll="false" headerContentPinnable="true" showFooter="true">
        <uxap:headerTitle>
            <uxap:ObjectPageDynamicHeaderTitle>
                <uxap:expandedHeading>
                    <Title text="{i18n>mu_newuser}" wrapping="true" class="sapUiSmallMarginEnd"/>
                </uxap:expandedHeading>

                <uxap:snappedHeading>
                    <Title text="{i18n>mu_newuser}" wrapping="true" class="sapUiSmallMarginEnd"/>
                </uxap:snappedHeading>

                <uxap:navigationActions>
                    <OverflowToolbarButton type="Transparent" icon="sap-icon://full-screen" press="handleFullScreen" id="enterFullScreenBtn" tooltip="{i18n>mu_enterFullScreenMode}" visible="{= ${/actionButtonsInfo/midColumn/fullScreen} !== null }"/>
                    <OverflowToolbarButton type="Transparent" icon="sap-icon://exit-full-screen" press="handleExitFullScreen" id="exitFullScreenBtn" tooltip="{i18n>mu_exitFullScreenMode}" visible="{= ${/actionButtonsInfo/midColumn/exitFullScreen} !== null }"/>
                    <OverflowToolbarButton type="Transparent" icon="sap-icon://decline" press="handleClose" tooltip="{i18n>mu_closemiddlecolumn}" visible="{= ${/actionButtonsInfo/midColumn/closeColumn} !== null }"/>
                </uxap:navigationActions>

            </uxap:ObjectPageDynamicHeaderTitle>
        </uxap:headerTitle>

        <uxap:sections>
            <uxap:ObjectPageSection title="{i18n>mu_general}">
                <uxap:subSections>
                    <uxap:ObjectPageSubSection>
                        <uxap:blocks>
                            <form:SimpleForm id="id_form" editable="true" layout="ColumnLayout" columnsXL="4" columnsL="3" columnsM="2">
                                <form:content>
                                    <Label text="{i18n>mu_name}" required="true"/>
                                    <Input  value="{userMdl>/name}" field:type="Input"/>
                                    <Label text="{i18n>mu_email}" required="true"/>
                                    <Input  value="{userMdl>/email}" field:type="Input" />
                                    <Label text="{i18n>mu_description}"/>
                                    <Input value="{userMdl>/description}"  />
                                    <Label text="{i18n>mu_userName}" required="true"/>
                                    <Input value="{userMdl>/username}"  field:type="Input"/>
                                    <Label text="{i18n>mu_password}" labelFor="inpPassword" required="true"/>
                                    <Input value="{userMdl>/password}"  id="inpPassword" type="Password"  showValueHelp="true"  valueHelpIconSrc="sap-icon://show" valueHelpRequest="onShowPassword" field:type="Input"/>
                                    <Label text="{i18n>mu_initailPassword}" />
                                    <CheckBox  selectedKey="{userMdl>initialPassword}" editable="{visible>/edit}"  />
                                    <Label text="{i18n>mu_validFrom}"/>
                                    <DatePicker placeholder=" " value="{userMdl>/validFrom}"  displayFormat="dd-MM-yyyy" valueFormat="yyyy-MM-dd"/>
                                     <Label text="{i18n>mu_validTo}"/>
                                   <DatePicker placeholder=" "  value="{userMdl>/validTo}" displayFormat="dd-MM-yyyy" valueFormat="yyyy-MM-dd"/>
                                    <Label  text="{i18n>mu_system}" required="true"/>
                                    <ComboBox items="{masterdataMdl>/system}"  selectedKey="{userMdl>system}" editable="{visible>/edit}" field:type="ComboBox">
                                         <core:Item key="{masterdataMdl>key}" text="{masterdataMdl>text}" />
                                    </ComboBox>
                                    
                                    <Label text="{i18n>mu_userType}" required="true"/>
                                    <ComboBox items="{masterdataMdl>/userType}" selectedKey="{userMdl>userType}"  editable="{visible>/edit}" field:type="ComboBox">
                                       <core:Item key="{masterdataMdl>key}" text="{masterdataMdl>text}" />
                                    </ComboBox>
                                   
                                    <Label text="{i18n>mu_status}"/>
                                    <Select items="{masterdataMdl>/status}" selectedKey="{userMdl>system}">
                                         <core:Item key="{masterdataMdl>key}" text="{masterdataMdl>text}" />
                                    </Select>
                                   
                                </form:content>
                            </form:SimpleForm>
                        </uxap:blocks>
                    </uxap:ObjectPageSubSection>
                </uxap:subSections>
            </uxap:ObjectPageSection>
        </uxap:sections>
        <uxap:footer>
            <OverflowToolbar >
                <Button id="errorBtnCrtuser" visible="{=!!${errors>/}.length}" icon="sap-icon://error" type="Reject"></Button>
                <ToolbarSpacer />
                <Button icon="sap-icon://save" tooltip="{i18n>btn_save}" text="{i18n>btn_save}" type="Success" press="onPressSave"/>
                <Button icon="sap-icon://sys-cancel" tooltip="{i18n>btn_cancel}" text="{i18n>btn_cancel}" type="Reject" press="onPressCancel"/>
            </OverflowToolbar>
        </uxap:footer>
    </uxap:ObjectPageLayout>
</mvc:View>