<mvc:View controllerName="com.posadminbtp.initial.Dashboard"
    xmlns:mvc="sap.ui.core.mvc" displayBlock="true"
    xmlns="sap.m"
    xmlns:f="sap.f"
    xmlns:w="sap.ui.integration.widgets"
    xmlns:form="sap.ui.layout.form"
    xmlns:core="sap.ui.core"
    xmlns:field="http://schemas.sap.com/sapui5/extension/sap.ui.core.CustomData/1" height="100%">

    <Page >
        <customHeader>
            <Bar>
                <contentLeft>
                    <!--  <Button icon="sap-icon://navigation-left-arrow" tooltip="Back" type="Ghost" press="onNavBack"/> -->
                    <Image src="./images/inflexion.png" height="30px" press="onPressLogo" class="sapUiTinyMarginEnd"/>
                    <Title text="{settings>/genericTitle}"/>
                </contentLeft>
                <contentMiddle>

                </contentMiddle>
                <contentRight>
                    <Button icon="sap-icon://hint" type="Transparent" tooltip="{i18n>auBtnInfoTooltip}"/>
                    <Button icon="sap-icon://bell" type="Transparent" tooltip="{i18n>auBtnNotifyTooltip}"/>
                    <Avatar initials="S" displaySize="XS" press=".menuPopoverOpen" />
                </contentRight>
            </Bar>
        </customHeader>
        <f:GridContainer id="gcHomeContainer" class="sapUiSmallMargin" columnsChange=".onGridColumnsChange" items="{dashboard>/}">
            <f:layout>
                <f:GridContainerSettings rowSize="90px" columnSize="90px" gap="10px" />
            </f:layout>
            <f:layoutXS>
                <f:GridContainerSettings rowSize="70px" columnSize="70px" gap="8px" />
            </f:layoutXS>

            <GenericTile header="{dashboard>header}" subheader="{dashboard>subHeader}" press="onPressTile">
                <layoutData>
                    <f:GridContainerItemLayoutData minRows="2" columns="2" />
                </layoutData>
                <TileContent footer="{dashboard>footer}">
                    <NumericContent icon="{dashboard>icon}" value="{dashboard>value}" withMargin="false" />
                </TileContent>
            </GenericTile>

        </f:GridContainer>
    </Page>
</mvc:View>