<mvc:View controllerName="com.posadminbtp.licence_key_control.LicenceKeyControlDetail"
   xmlns:uxap="sap.uxap"
    xmlns:mvc="sap.ui.core.mvc"
    xmlns:core="sap.ui.core"
    xmlns="sap.m"
    xmlns:f="sap.f"
    xmlns:form="sap.ui.layout.form"
    xmlns:field="http://schemas.sap.com/sapui5/extension/sap.ui.core.CustomData/1" displayBlock="true" height="100%" busyIndicatorDelay="0">
     <uxap:ObjectPageLayout id="detaillicence_page" showFooter="{= !${visible>/view} || !!${errors>/}.length}" showTitleInHeaderContent="true" alwaysShowContentHeader="false" preserveHeaderStateOnScroll="false" headerContentPinnable="true" isChildPage="true" upperCaseAnchorBar="false">
        <uxap:headerTitle>
            <uxap:ObjectPageDynamicHeaderTitle>
                <uxap:expandedHeading>
                    <Title text="{LicenceKeyControlMDL>/name}" wrapping="true" class="sapUiSmallMarginEnd"/>
                </uxap:expandedHeading>

                <uxap:snappedHeading>
                    <Title text="{LicenceKeyControlMDL>/name}" wrapping="true" class="sapUiTinyMarginEnd"/>
                </uxap:snappedHeading>

                <uxap:expandedContent>
                    <ObjectAttribute title="ID" text="{LicenceKeyControlMDL>/id}" />
                </uxap:expandedContent>

                <uxap:snappedContent>
                    <ObjectAttribute title="ID" text="{LicenceKeyControlMDL>/id}" />
                </uxap:snappedContent>

                <uxap:navigationActions>
                    <OverflowToolbarButton type="Transparent" icon="sap-icon://full-screen" press="handleFullScreen" id="enterFullScreenBtn" tooltip="{i18n>lkc_enterFullScreenMode}" visible="{= ${/actionButtonsInfo/midColumn/fullScreen} !== null }"/>
                    <OverflowToolbarButton type="Transparent" icon="sap-icon://exit-full-screen" press="handleExitFullScreen" id="exitFullScreenBtn" tooltip="{i18n>lkc_exitFullScreenMode}" visible="{= ${/actionButtonsInfo/midColumn/exitFullScreen} !== null }"/>
                    <OverflowToolbarButton type="Transparent" icon="sap-icon://decline" press="handleClose" tooltip="{i18n>lkc_closemiddlecolumn}" visible="{= ${/actionButtonsInfo/midColumn/closeColumn} !== null }"/>
                </uxap:navigationActions>

                <uxap:actions>
                    <Button icon="sap-icon://edit"  type="Transparent" enabled="{visible>/view}" press="onPressEdit" />
                </uxap:actions>

            </uxap:ObjectPageDynamicHeaderTitle>
        </uxap:headerTitle>

        <uxap:headerContent>
            <FlexBox wrap="Wrap" fitContainer="true" alignItems="Stretch">
                <VBox justifyContent="Center" class="sapUiSmallMarginEnd">
                    <Label design="Bold" text="{i18n>lkc_createdAt}"/>
                    <Text text="{LicenceKeyControlMDL>/createdAt}"/>
                </VBox>
                <VBox justifyContent="Center" class="sapUiSmallMarginEnd">
                    <Label design="Bold" text="{i18n>lkc_updatedAt}"/>
                    <Text text="{LicenceKeyControlMDL>/updatedAt}"/>
                </VBox>
                  <VBox justifyContent="Center" class="sapUiSmallMarginEnd">
                    <Label design="Bold" text="Created By"/>
                    <Text text="{LicenceKeyControlMDL>/createdBy}"/>
                </VBox>
                <VBox justifyContent="Center" class="sapUiSmallMarginEnd">
                    <Label design="Bold" text="Updated By"/>
                    <Text text="{LicenceKeyControlMDL>/updatedBy}"/>
                </VBox>
                <VBox justifyContent="Center" class="sapUiSmallMarginEnd">
                    <Label design="Bold" text="{i18n>lkc_statusID}"/>
                    <ObjectStatus text="{= ${LicenceKeyControlMDL>/StatusID}===2?'Active':'Inactive'}" state="{= ${LicenceKeyControlMDL>/StatusID}===2?'Success':'Error'}"/>
                </VBox>
            </FlexBox>
        </uxap:headerContent>

        <uxap:sections>
            <uxap:ObjectPageSection title="{i18n>lkc_general}">
                <uxap:subSections>
                    <uxap:ObjectPageSubSection>
                        <uxap:blocks>
                            <form:SimpleForm id="from_DLKC" editable="true" layout="ColumnLayout" columnsXL="4" columnsL="3" columnsM="2">
                                <form:content>
                                     <Label text="{i18n>lkc_systemID}" required="true"/>
                                    <ComboBox items="{masterdataMdl>/system}" value="{LicenceKeyControlMDL>/SystemID}" field:type="Input" editable="{visible>/edit}">
                                       <core:Item key="{masterdataMdl>key}" text="{masterdataMdl>text}" />
                                    </ComboBox>
                                    <Label text="{i18n>lkc_name}" required="true"/>
                                    <Input value="{LicenceKeyControlMDL>/name}" field:type="Input"  editable="{visible>/edit}"/>
                                    <Label text="{i18n>lkc_description}"/>
                                    <Input value="{LicenceKeyControlMDL>/description}" editable="{visible>/edit}"/>
                                    <Label text="{i18n>lkc_licenseKey}" required="true"/>
                                    <Input value="{LicenceKeyControlMDL>/licenseKey}" field:type="Input" editable="{visible>/edit}"/>
                                    <Label text="{i18n>lkc_expirationDate}" required="true"/>
                                   <DatePicker value="{LicenceKeyControlMDL>/expirationDate}" field:type="Input" editable="{visible>/edit}"/>
                                   
                                    <Label text="{i18n>lkc_statusID}"/>
                                    <Select items="{masterdataMdl>/Status}" selectedKey="{LicenceKeyControlMDL>/StatusID}" editable="{visible>/edit}">
                                        <core:Item key="{masterdataMdl>key}" text="{masterdataMdl>text}" />
                                    </Select>
                                    
                                   
                                </form:content>
                            </form:SimpleForm>
                        </uxap:blocks>
                    </uxap:ObjectPageSubSection>
                </uxap:subSections>
            </uxap:ObjectPageSection>
        </uxap:sections>
        <uxap:footer>
            <OverflowToolbar >
                <Button id="errorBtnDetLicence" visible="{=!!${errors>/}.length}" icon="sap-icon://error" type="Reject"></Button>
                <ToolbarSpacer />
                 <Button icon="sap-icon://save" tooltip="{i18n>btn_save}" text="{i18n>btn_save}" type="Success" press="onPressSave"/>
                <Button icon="sap-icon://sys-cancel" tooltip="{i18n>btn_cancel}" text="{i18n>btn_cancel}" type="Reject" press="onPressCancel"/>
            </OverflowToolbar>
        </uxap:footer>
    </uxap:ObjectPageLayout>
</mvc:View>