<mvc:View controllerName="com.posadminbtp.licence_key_control.ManageLicenceKeyControl"
	xmlns:mvc="sap.ui.core.mvc"
	xmlns="sap.m"
	xmlns:core="sap.ui.core"
	xmlns:plugins="sap.m.plugins"
	xmlns:columnmenu="sap.m.table.columnmenu"
	xmlns:sap.ui.fl="sap.ui.fl"
	xmlns:sap.ui.dt="sap.ui.dt"
	xmlns:vm="sap.ui.fl.variants"
	xmlns:dnd="sap.ui.core.dnd"
	xmlns:app="http://schemas.sap.com/sapui5/extension/sap.ui.core.CustomData/1"
	xmlns:f="sap.f"
	xmlns:fb="sap.ui.comp.filterbar"
	xmlns:c="sap.ui.core" displayBlock="true" height="100%" busyIndicatorDelay="0">
	<f:DynamicPage toggleHeaderOnTitleClick="false">
		<!-- DynamicPage Title -->
		<f:title>
			<f:DynamicPageTitle>
				<f:heading>
					<Title text="{i18n>lkc_title}"/>
				</f:heading>
			</f:DynamicPageTitle>
		</f:title>
		<f:header>
			<f:DynamicPageHeader>
				<f:content>
					<fb:FilterBar id="filter_Licence" persistencyKey="myPersKey" useToolbar="false" search=".onSearch" showClearOnFB="true" clear="onClear" filterChange=".onFilterChange" afterVariantLoad=".onAfterVariantLoad">
						<fb:filterGroupItems>
							<fb:FilterGroupItem name="ID" label="{i18n>lkc_id}" groupName="Group1" visibleInFilterBar="true">
								<fb:control>
									<Input value="{filterMdl>/id}"/>
								</fb:control>
							</fb:FilterGroupItem>
							<fb:FilterGroupItem name="Name" label="{i18n>lkc_name}" groupName="Group1" visibleInFilterBar="true">
								<fb:control>
									<Input value="{filterMdl>/name}"/>
								</fb:control>
							</fb:FilterGroupItem>
							<fb:FilterGroupItem name="Description" label="{i18n>lkc_description}" groupName="Group1" visibleInFilterBar="true">
								<fb:control>
									<Input value="{filterMdl>/description}"/>
								</fb:control>
							</fb:FilterGroupItem>
							<fb:FilterGroupItem name="LicenseKey" label="{i18n>lkc_licenseKey}" groupName="Group1" visibleInFilterBar="true">
								<fb:control>
									<Input value="{filterMdl>/licenseKey}"/>
								</fb:control>
							</fb:FilterGroupItem>

							<fb:FilterGroupItem name="ExpirationDate" label="{i18n>lkc_expirationDate}" groupName="Group1" visibleInFilterBar="true">
								<fb:control>
									<DatePicker placeholder=" " displayFormat="dd-MM-yyyy" valueFormat="dd-MM-yyyy" value="{filterMdl>/expirationDate}"/>

								</fb:control>
							</fb:FilterGroupItem>

							<fb:FilterGroupItem name="Created At" label="{i18n>lkc_createdAt}" groupName="Group1" visibleInFilterBar="false">
								<fb:control>
									<DateTimePicker value="{filterMdl>/createdAt}" placeholder=" "/>
								</fb:control>
							</fb:FilterGroupItem>
							<fb:FilterGroupItem name="Updated At" label="{i18n>lkc_updatedAt}" groupName="Group1" visibleInFilterBar="false">
								<fb:control>
									<DateTimePicker value="{filterMdl>/updatedAt}" placeholder=" "/>
								</fb:control>
							</fb:FilterGroupItem>
							<fb:FilterGroupItem name="Created By" label="Created By" groupName="Group1" visibleInFilterBar="false">
								<fb:control>
									<Input value="{filterMdl>/createdBy}" placeholder=" "/>
								</fb:control>
							</fb:FilterGroupItem>
							<fb:FilterGroupItem name="Updated By" label="Updated By" groupName="Group1" visibleInFilterBar="false">
								<fb:control>
									<Input value="{filterMdl>/updatedBy}" placeholder=" "/>
								</fb:control>
							</fb:FilterGroupItem>
							<fb:FilterGroupItem name="System" label="{i18n>lkc_systemID}" groupName="Group1" visibleInFilterBar="true">
								<fb:control>
									<MultiComboBox items="{masterdataMdl>/system}" selectedKeys="{filterMdl>/SystemID}">
										<core:Item key="{masterdataMdl>key}" text="{masterdataMdl>text}" />
									</MultiComboBox>
								</fb:control>
							</fb:FilterGroupItem>
							<fb:FilterGroupItem name="Status" label="{i18n>lkc_statusID}" groupName="Group1" visibleInFilterBar="true">
								<fb:control>
									<MultiComboBox items="{masterdataMdl>/Status}" selectedKeys="{filterMdl>/StatusID}">
										<core:Item key="{masterdataMdl>key}" text="{masterdataMdl>text}" />
									</MultiComboBox>
								</fb:control>
							</fb:FilterGroupItem>


						</fb:filterGroupItems>
					</fb:FilterBar>
				</f:content>
			</f:DynamicPageHeader>
		</f:header>
		<!-- DynamicPage Content -->
		<f:content>
			<Table id="table_Licence" mode="SingleSelectMaster" itemPress="onListItemPress" inset="false" items="{path:'/'}" class="sapFDynamicPageAlignContent" width="auto" autoPopinMode="true" contextualWidth="Auto">
				<headerToolbar>
					<OverflowToolbar>
						<ToolbarSpacer/>
						<Button icon ="sap-icon://add-document" type="Transparent" press="onCreateSystem"/>
						<Button icon="sap-icon://action-settings" press="openPersoDialog" tooltip="{i18n>lkc_settings}"/>
					</OverflowToolbar>
				</headerToolbar>
				<infoToolbar>
					<OverflowToolbar id="filterInfo" >
						<Title text="{= 'Items (' + ${/}.length + ')'}"/>
						<ToolbarSpacer />
						<!-- <Button tooltip="{i18n>lkc_removeAllfilterMdl}" icon="sap-icon://decline" type="Transparent" press="onClearFilterPress" /> -->
					</OverflowToolbar>
				</infoToolbar>
				<dependents>
					<plugins:ColumnResizer columnResize="onColumnResize"/>
					<columnmenu:Menu id="menu" beforeOpen="beforeOpenColumnMenu">
						<columnmenu:QuickSort change="onSort">
							<columnmenu:items>
								<columnmenu:QuickSortItem></columnmenu:QuickSortItem>
							</columnmenu:items>
						</columnmenu:QuickSort>
						<columnmenu:QuickGroup change="onGroup">
							<columnmenu:items>
								<columnmenu:QuickGroupItem></columnmenu:QuickGroupItem>
							</columnmenu:items>
						</columnmenu:QuickGroup>
						
					</columnmenu:Menu>
				</dependents>
				<noData>
					<IllustratedMessage/>
				</noData>
				<columns>
					<Column id="id_col" width="5rem" importance="High" headerMenu="menu" >
						<Text text="{i18n>lkc_id}" />
					</Column>
					<Column id="name_col" importance="High" headerMenu="menu" >
						<Text text="{i18n>lkc_name}" />
					</Column>
					<Column id="description_col" importance="Medium" headerMenu="menu" >
						<Text text="{i18n>lkc_description}" />
					</Column>
					<Column id="LicenseKey_col" importance="Medium" headerMenu="menu" >
						<Text text="{i18n>lkc_licenseKey}" />
					</Column>
					<Column id="Date_col" importance="Medium" headerMenu="menu" >
						<Text text="{i18n>lkc_expirationDate}" />
					</Column>

					<Column id="createdAt_col" importance="Low" hAlign="Center" visible="false" headerMenu="menu" >
						<Text text="{i18n>lkc_createdAt}" />
					</Column>
					<Column id="updatedAt_col" importance="Low" hAlign="Center" visible="false" headerMenu="menu" >
						<Text text="{i18n>lkc_updatedAt}" />
					</Column>
					<Column id="createdBy_col" importance="Low" hAlign="Center" visible="false" headerMenu="menu" >
						<Text text="Created By" />
					</Column>
					<Column id="updatedBy_col" importance="Low" hAlign="Center" visible="false" headerMenu="menu" >
						<Text text="Updated By" />
					</Column>
					<Column id="SystemID_col" importance="Low" headerMenu="menu" >
						<Text text="{i18n>lkc_systemID}"/>
					</Column>
					<Column id="statusID_col" width="5rem" importance="Low" headerMenu="menu" >
						<Text text="{i18n>lkc_statusID}" />
					</Column>


				</columns>
				<items>
					<ColumnListItem type="Navigation">
						<cells>
							<ObjectIdentifier title="{id}"/>
							<Text text="{name}"/>
							<Text text="{description}"/>
							<Text text="{licenseKey}"/>
							<Text text="{expirationDate}"/>
							<Text text="{createdAt}"/>
							<Text text="{updatedAt}"/>
							<Text text="{createdBy}"/>
							<Text text="{updatedBy}"/>
							<Text text="{path:'SystemID', formatter:'.systemFormatter'}"/>
							<ObjectStatus text="{path:'StatusID', formatter:'.formatter.statusText'}" state="{path:'StatusID', formatter:'.formatter.statusState'}"/>

						</cells>
					</ColumnListItem>
				</items>
			</Table>
		</f:content>

		<!-- DynamicPage Footer -->
		<f:footer>
			<OverflowToolbar>
				<ToolbarSpacer/>
				<Button type="Accept" text="Accept"/>
				<Button type="Reject" text="Reject"/>
			</OverflowToolbar>
		</f:footer>
	</f:DynamicPage>
</mvc:View>