{
  "user/CreateUser.controller.js.map": 1732712169086,
  "i18n/i18n_ar.properties": 1732707225691,
  "model/models.js": 1732707225695,
  "local_service/mockdata/destination_types.json": 1732707225695,
  "local_service/mockdata/authendication_methods.json": 1732707225695,
  "local_service/mockdata/Invoices.json": 1732707225695,
  "utils/locate-reuse-libs.js": 1732707225695,
  "utils/URLConstants.js": 1732707225695,
  "utils/Formatter.js": 1732707225695,
  "utils/ErrorMessage.js": 1732707225695,
  "user/UserDetail.controller.js": 1732707225695,
  "user/ManageUser.controller.js": 1732707225695,
  "user/CreateUser.controller.js": 1732707225695,
  "system/SystemDetail.controller.js": 1732707225695,
  "system/ManageSystem.controller.js": 1732707225695,
  "system/CreateSystem.controller.js": 1732707225695,
  "synchronization/SynchronizationDetail.controller.js": 1732707225695,
  "synchronization/ManageSynchronization.controller.js": 1732707225695,
  "synchronization/CreateSynchronization.controller.js": 1732707225695,
  "monitor/MonitorDetail.controller.js": 1732707225695,
  "monitor/ManageMonitor.controller.js": 1732707225695,
  "local_service/mockdata/proxy_types.json": 1732707225695,
  "local_service/mockserver.js": 1732707225695,
  "licence_key_control/ManageLicenceKeyControl.controller.js": 1732707225695,
  "licence_key_control/LicenceKeyControlDetail.controller.js": 1732707225695,
  "licence_key_control/CreateLicenceKeyControl.controller.js": 1732707225695,
  "initial/Login.controller.js": 1732707225691,
  "initial/Dashboard.controller.js": 1732707225691,
  "initial/BaseController.js": 1732707225691,
  "initial/AppUnified.controller.js": 1732707225691,
  "initial/App.controller.js": 1732707225691,
  "libs/moment.js": 1732707225695,
  "configuration/ManageConfigurations.controller.js": 1732707225691,
  "configuration/CreateConfiguration.controller.js": 1732707225691,
  "configuration/ConfigurationDetail.controller.js": 1732707225691,
  "manifest.json": 1732712168913,
  "Component.js": 1732707225691,
  "Component-preload.js": 1732712169743,
  "configuration/ConfigurationDetail-dbg.controller.js": 1732707225691,
  "configuration/ConfigurationDetail.controller.js.map": 1732712169090,
  "utils/locate-reuse-libs-dbg.js": 1732707225695,
  "utils/locate-reuse-libs.js.map": 1732712169053,
  "utils/URLConstants-dbg.js": 1732707225695,
  "utils/URLConstants.js.map": 1732712169045,
  "utils/Formatter-dbg.js": 1732707225695,
  "utils/Formatter.js.map": 1732712169039,
  "utils/ErrorMessage-dbg.js": 1732707225695,
  "utils/ErrorMessage.js.map": 1732712169078,
  "user/UserDetail-dbg.controller.js": 1732707225695,
  "user/UserDetail.controller.js.map": 1732712169087,
  "user/ManageUser-dbg.controller.js": 1732707225695,
  "user/ManageUser.controller.js.map": 1732712169097,
  "user/CreateUser-dbg.controller.js": 1732707225695,
  "i18n/i18n.properties": 1732707225691,
  "system/SystemDetail-dbg.controller.js": 1732707225695,
  "system/SystemDetail.controller.js.map": 1732712169101,
  "system/ManageSystem-dbg.controller.js": 1732707225695,
  "system/ManageSystem.controller.js.map": 1732712169173,
  "system/CreateSystem-dbg.controller.js": 1732707225695,
  "system/CreateSystem.controller.js.map": 1732712169099,
  "synchronization/SynchronizationDetail-dbg.controller.js": 1732707225695,
  "synchronization/SynchronizationDetail.controller.js.map": 1732712169188,
  "synchronization/ManageSynchronization-dbg.controller.js": 1732707225695,
  "synchronization/ManageSynchronization.controller.js.map": 1732712169175,
  "synchronization/CreateSynchronization-dbg.controller.js": 1732707225695,
  "synchronization/CreateSynchronization.controller.js.map": 1732712169177,
  "monitor/MonitorDetail-dbg.controller.js": 1732707225695,
  "monitor/MonitorDetail.controller.js.map": 1732712169182,
  "monitor/ManageMonitor-dbg.controller.js": 1732707225695,
  "monitor/ManageMonitor.controller.js.map": 1732712169183,
  "local_service/mockserver-dbg.js": 1732707225695,
  "local_service/mockserver.js.map": 1732712169179,
  "licence_key_control/ManageLicenceKeyControl-dbg.controller.js": 1732707225695,
  "licence_key_control/ManageLicenceKeyControl.controller.js.map": 1732712169198,
  "licence_key_control/LicenceKeyControlDetail-dbg.controller.js": 1732707225695,
  "licence_key_control/LicenceKeyControlDetail.controller.js.map": 1732712169189,
  "licence_key_control/CreateLicenceKeyControl-dbg.controller.js": 1732707225695,
  "licence_key_control/CreateLicenceKeyControl.controller.js.map": 1732712169191,
  "initial/Login-dbg.controller.js": 1732707225691,
  "initial/Login.controller.js.map": 1732712169194,
  "initial/Dashboard-dbg.controller.js": 1732707225691,
  "initial/Dashboard.controller.js.map": 1732712169193,
  "initial/BaseController-dbg.js": 1732707225691,
  "initial/BaseController.js.map": 1732712169285,
  "initial/AppUnified-dbg.controller.js": 1732707225691,
  "initial/AppUnified.controller.js.map": 1732712169197,
  "initial/App-dbg.controller.js": 1732707225691,
  "initial/App.controller.js.map": 1732712169200,
  "libs/moment-dbg.js": 1732707225695,
  "libs/moment.js.map": 1732712169480,
  "configuration/ManageConfigurations-dbg.controller.js": 1732707225691,
  "configuration/ManageConfigurations.controller.js.map": 1732712169292,
  "configuration/CreateConfiguration-dbg.controller.js": 1732707225691,
  "configuration/CreateConfiguration.controller.js.map": 1732712169272,
  "model/models-dbg.js": 1732707225695,
  "model/models.js.map": 1732712169276,
  "Component-dbg.js": 1732707225691,
  "Component.js.map": 1732712169281,
  "Component-preload-dbg.js": 1732707225691,
  "Component-preload.js.map": 1732712169743,
  "initial/fragment/UserSettings.fragment.xml": 1732707225691,
  "initial/fragment/MenuButton.fragment.xml": 1732707225691,
  "initial/fragment/ErrorMessage.fragment.xml": 1732707225691,
  "user/UserDetail.view.xml": 1732707225695,
  "user/ManageUser.view.xml": 1732707225695,
  "user/CreateUser.view.xml": 1732707225695,
  "system/SystemDetail.view.xml": 1732707225695,
  "system/ManageSystem.view.xml": 1732707225695,
  "system/CreateSystem.view.xml": 1732707225695,
  "synchronization/SynchronizationDetail.view.xml": 1732707225695,
  "synchronization/ManageSynchronization.view.xml": 1732707225695,
  "synchronization/CreateSynchronization.view.xml": 1732707225695,
  "monitor/MonitorDetail.view.xml": 1732707225695,
  "monitor/ManageMonitor.view.xml": 1732707225695,
  "local_service/metadata.xml": 1732707225695,
  "initial/Login.view.xml": 1732707225691,
  "initial/Dashboard.view.xml": 1732707225691,
  "initial/AppUnified.view.xml": 1732707225691,
  "initial/App.view.xml": 1732707225691,
  "licence_key_control/ManageLicenceKeyControl.view.xml": 1732707225695,
  "licence_key_control/LicenceKeyControlDetail.view.xml": 1732707225695,
  "licence_key_control/CreateLicenceKeyControl.view.xml": 1732707225695,
  "images/titleLogo.png": 1732707225691,
  "images/sap.png": 1732707225691,
  "images/no-preview.jpg": 1732707225691,
  "images/logo.png": 1732707225691,
  "images/inflexion_logo.PNG": 1732707225691,
  "images/inflexion.png": 1732707225691,
  "css/style.css": 1732707225691,
  "configuration/ManageConfigurations.view.xml": 1732707225691,
  "configuration/CreateConfiguration.view.xml": 1732707225691,
  "configuration/ConfigurationDetail.view.xml": 1732707225691,
  "index.html": 1732707225691
}