<mvc:View controllerName="com.posadminbtp.synchronization.CreateSynchronization"
    xmlns:uxap="sap.uxap"
    xmlns:core="sap.ui.core"
    xmlns:mvc="sap.ui.core.mvc"
    xmlns="sap.m"
    xmlns:form="sap.ui.layout.form"
    xmlns:field="http://schemas.sap.com/sapui5/extension/sap.ui.core.CustomData/1" displayBlock="true" height="100%" busyIndicatorDelay="0">
    <uxap:ObjectPageLayout id="oplCreateSynchPage" showFooter="true" showTitleInHeaderContent="true" alwaysShowContentHeader="false" preserveHeaderStateOnScroll="false" headerContentPinnable="true" isChildPage="true" upperCaseAnchorBar="false">
        <uxap:headerTitle>
            <uxap:ObjectPageDynamicHeaderTitle>
                <uxap:expandedHeading>
                    <Title text="{i18n>sz_newSynchronization}" wrapping="true" class="sapUiSmallMarginEnd"/>
                </uxap:expandedHeading>

                <uxap:snappedHeading>
                    <Title text="{i18n>sz_newSynchronization}" wrapping="true" class="sapUiTinyMarginEnd"/>
                </uxap:snappedHeading>

                <uxap:navigationActions>
                    <OverflowToolbarButton type="Transparent" icon="sap-icon://full-screen" press="handleFullScreen" id="enterFullScreenBtn" tooltip="{i18n>tltip_enterFullScreen}" visible="{= ${/actionButtonsInfo/midColumn/fullScreen} !== null }"/>
                    <OverflowToolbarButton type="Transparent" icon="sap-icon://exit-full-screen" press="handleExitFullScreen" id="exitFullScreenBtn" tooltip="{i18n>tltip_exitFullScreen}" visible="{= ${/actionButtonsInfo/midColumn/exitFullScreen} !== null }"/>
                    <OverflowToolbarButton type="Transparent" icon="sap-icon://decline" press="handleClose" tooltip="{i18n>tltip_closeMiddleColumn}" visible="{= ${/actionButtonsInfo/midColumn/closeColumn} !== null }"/>
                </uxap:navigationActions>

            </uxap:ObjectPageDynamicHeaderTitle>
        </uxap:headerTitle>

        <uxap:sections>
            <uxap:ObjectPageSection title="{i18n>ms_general}">
                <uxap:subSections>
                    <uxap:ObjectPageSubSection>
                        <uxap:blocks>
                            <form:SimpleForm id="sfGeneral" editable="true" layout="ColumnLayout" columnsXL="4" columnsL="3" columnsM="2">
                                <form:content>
                                    <Label text="{i18n>sz_name}" required="true"/>
                                    <Input value="{synchronizationMdl>/name}" editable="{visible>/edit}" field:type="Input"/>
                                    <Label text="{i18n>sz_system}"/>
                                    <ComboBox items="{masterdataMdl>/system}" selectedKey="{synchronizationMdl>/typeId}" editable="{visible>/edit}">
                                        <core:Item key="{masterdataMdl>key}" text="{masterdataMdl>text}" />
                                    </ComboBox>
                                    <Label text="{i18n>sz_status}"/>
                                    <ComboBox items="{masterdataMdl>/Status}" selectedKey="{synchronizationMdl>/status}" editable="{visible>/edit}">
                                        <core:Item key="{masterdataMdl>key}" text="{masterdataMdl>text}" />
                                    </ComboBox>
                                </form:content>
                            </form:SimpleForm>
                        </uxap:blocks>
                    </uxap:ObjectPageSubSection>
                </uxap:subSections>
            </uxap:ObjectPageSection>

            <uxap:ObjectPageSection title="{i18n>sz_masterData}">
                <uxap:subSections>
                    <uxap:ObjectPageSubSection>
                        <uxap:blocks>
                            <Table id="tableMasterData" inset="false" items="{path:'synchronizationMdl>/masterItems', sorter :{ path:'id',descending: false}}" mode="Delete" delete="onRemoveMaster">
                                <headerToolbar>
                                    <OverflowToolbar >
                                        <SearchField liveChange=".onSearch" width="auto" />
                                            <ToolbarSpacer />
                                            <ComboBox items="{masterdataMdl>/status}" selectedKey="5" change=".onSearchStatus">
                                                <core:Item key="{masterdataMdl>key}" text="{masterdataMdl>text}" />
                                            </ComboBox>
                                            <ToolbarSeparator />
                                        <Button icon="sap-icon://connected" press="onPressCheckConnectionAll" tooltip="Check All Connection's"/>
                                        <Button icon="sap-icon://add" type="Transparent" press="onAddMaster"/>
                                    </OverflowToolbar>
                                </headerToolbar>
                                 <infoToolbar>
                                    <OverflowToolbar >
                                        <Title text="Items ({= !${synchronizationMdl>/masterItems} ? 0 : ${synchronizationMdl>/masterItems}.length })"/>
                                    </OverflowToolbar>
                                </infoToolbar>
                                <columns>
                                    <Column width="5rem" hAlign="Center" minScreenWidth="Tablet" demandPopin="true">
                                        <Label text="{i18n>sz_id}" />
                                    </Column>
                                    <Column minScreenWidth="Tablet" demandPopin="true">
                                        <Label text="{i18n>sz_name}" required="true"/>
                                    </Column>
                                    <Column minScreenWidth="Tablet" demandPopin="true">
                                        <Label text="{i18n>sz_url}" required="true"/>
                                    </Column>
                                    <Column minScreenWidth="Tablet" demandPopin="true" hAlign="Center">
                                        <Label text="{i18n>sz_offlineOrOnline}" />
                                    </Column>
                                    <Column width="5rem">
                                        <Label text="{i18n>sz_status}" />
                                    </Column>
                                    <Column width="3rem">

                                    </Column>
                                </columns>
                                <items>
                                    <ColumnListItem vAlign="Middle">
                                        <cells>
                                            <Text text="{synchronizationMdl>id}"/>
                                            <ComboBox selectedKey="{synchronizationMdl>master}" selectionChange="onChangeMaster" items="{synchronizationMdl>/masterList}" valueState="{synchronizationMdl>masterValueState}" valueStateText="{synchronizationMdl>masterValueStateText}">
                                                <core:Item key="{synchronizationMdl>key}" text="{synchronizationMdl>text}"/>
                                            </ComboBox>
                                            <HBox alignItems="Center">
                                                <Input value="{synchronizationMdl>url}" valueState="{synchronizationMdl>urlValueState}"/>
                                                <core:Icon class="sapUiTinyMarginBegin" color="{synchronizationMdl>urlStateColor}" src="{synchronizationMdl>urlStateIcon}" press="onPressCheckConnectionIndividual" size="1rem" busyIndicatorSize="Auto"/>
                                            </HBox>
                                            <Switch state="{synchronizationMdl>syncType}">
                                                <layoutData>
                                                    <FlexItemData growFactor="1" />
                                                </layoutData>
                                            </Switch>
                                            <ObjectStatus text="{path:'synchronizationMdl>status', formatter:'.masterStatusFormatter'}" state="{path:'synchronizationMdl>status', formatter:'.masterStatusStateFormatter'}"/>
                                            <Button icon="sap-icon://connected" press="onPressCheckConnectionIndividual" type="Transparent" tooltip="Check Connection" busyIndicatorSize="Auto"/>
                                        </cells>
                                    </ColumnListItem>
                                </items>
                            </Table>
                        </uxap:blocks>
                    </uxap:ObjectPageSubSection>
                </uxap:subSections>
            </uxap:ObjectPageSection>
        </uxap:sections>
        <uxap:footer>
            <OverflowToolbar >
                <Button id="errorBtnCreateSync" visible="{=!!${errors>/}.length}" icon="sap-icon://error" type="Reject" press="handleMessagePopoverPress" ariaHasPopup="Dialog"/>
                <ToolbarSpacer />
                <Button icon="sap-icon://save" tooltip="{i18n>btn_save}" text="{i18n>btn_save}" type="Success" press="onPressSave"/>
                <Button icon="sap-icon://sys-cancel" tooltip="{i18n>btn_cancel}" text="{i18n>btn_cancel}" type="Reject" press="onPressCancel"/>
            </OverflowToolbar>
        </uxap:footer>
    </uxap:ObjectPageLayout>
</mvc:View>