<mvc:View controllerName="com.posadminbtp.synchronization.SynchronizationDetail"
    xmlns:uxap="sap.uxap"
    xmlns:core="sap.ui.core"
    xmlns:mvc="sap.ui.core.mvc"
    xmlns="sap.m"
    xmlns:form="sap.ui.layout.form"
    xmlns:field="http://schemas.sap.com/sapui5/extension/sap.ui.core.CustomData/1" displayBlock="true" height="100%" busyIndicatorDelay="0">
    <uxap:ObjectPageLayout showFooter="{= !${visible>/view} || !!${errors>/}.length}" showTitleInHeaderContent="true" alwaysShowContentHeader="false" preserveHeaderStateOnScroll="false" headerContentPinnable="true" isChildPage="true" upperCaseAnchorBar="false">
        <uxap:headerTitle>
            <uxap:ObjectPageDynamicHeaderTitle>
                <uxap:expandedHeading>
                    <Title text="{synchronizationMdl>/name}" wrapping="true" class="sapUiSmallMarginEnd"/>
                </uxap:expandedHeading>

                <uxap:snappedHeading>
                    <Title text="{synchronizationMdl>/name}" wrapping="true" class="sapUiTinyMarginEnd"/>
                </uxap:snappedHeading>

                <uxap:expandedContent>
                    <ObjectAttribute title="{i18n>cfg_id}" text="{synchronizationMdl>/id}" />
                </uxap:expandedContent>

                <uxap:snappedContent>
                    <ObjectAttribute title="{i18n>cfg_id}" text="{synchronizationMdl>/id}" />
                </uxap:snappedContent>

                <uxap:navigationActions>
                    <OverflowToolbarButton type="Transparent" icon="sap-icon://full-screen" press="handleFullScreen" id="enterFullScreenBtn" tooltip="{i18n>tltip_enterFullScreen}" visible="{= ${/actionButtonsInfo/midColumn/fullScreen} !== null }"/>
                    <OverflowToolbarButton type="Transparent" icon="sap-icon://exit-full-screen" press="handleExitFullScreen" id="exitFullScreenBtn" tooltip="{i18n>tltip_exitFullScreen}" visible="{= ${/actionButtonsInfo/midColumn/exitFullScreen} !== null }"/>
                    <OverflowToolbarButton type="Transparent" icon="sap-icon://decline" press="handleClose" tooltip="{i18n>tltip_closeMiddleColumn}" visible="{= ${/actionButtonsInfo/midColumn/closeColumn} !== null }"/>
                </uxap:navigationActions>

                <uxap:actions>
                    <Button icon="sap-icon://edit" type="Transparent" enabled="{visible>/view}" press="onPressEdit" />
                </uxap:actions>

            </uxap:ObjectPageDynamicHeaderTitle>
        </uxap:headerTitle>

        <uxap:headerContent>
            <FlexBox wrap="Wrap" fitContainer="true" alignItems="Stretch">
                <VBox justifyContent="Center" class="sapUiSmallMarginEnd">
                    <Label design="Bold" text="{i18n>lbl_createdAt}"/>
                    <Text text="{path:'synchronizationMdl>/createdAt', type:'sap.ca.ui.model.type.DateTime'}"/>
                </VBox>
                <VBox justifyContent="Center" class="sapUiSmallMarginEnd">
                    <Label design="Bold" text="{i18n>lbl_updatedAt}"/>
                    <Text text="{path:'synchronizationMdl>/updatedAt', type:'sap.ca.ui.model.type.DateTime'}"/>
                </VBox>
                 <VBox justifyContent="Center" class="sapUiSmallMarginEnd">
                    <Label design="Bold" text="Created By"/>
                    <Text text="{synchronizationMdl>/createdBy}"/>
                </VBox>
                <VBox justifyContent="Center" class="sapUiSmallMarginEnd">
                    <Label design="Bold" text="Updated By"/>
                    <Text text="{synchronizationMdl>/updatedBy}"/>
                </VBox>
                <VBox justifyContent="Center" class="sapUiSmallMarginEnd">
                    <Label design="Bold" text="{i18n>lbl_status}"/>
                    <ObjectStatus text="{= ${synchronizationMdl>/status}===2?'Active':'Inactive'}" state="{= ${synchronizationMdl>/status}===2?'Success':'Error'}"/>
                </VBox>
            </FlexBox>
        </uxap:headerContent>

        <uxap:sections>
            <uxap:ObjectPageSection title="{i18n>ms_general}">
                <uxap:subSections>
                    <uxap:ObjectPageSubSection>
                        <uxap:blocks>
                            <form:SimpleForm id="sfConfigGen" editable="true" layout="ColumnLayout" columnsXL="4" columnsL="3" columnsM="2">
                                <form:content>
                                    <Label text="{i18n>sz_name}" required="true"/>
                                    <Input value="{synchronizationMdl>/name}" editable="{visible>/edit}" field:type="Input"/>
                                    <Label text="{i18n>sz_system}"/>
                                    <ComboBox items="{masterdataMdl>/system}" selectedKey="{synchronizationMdl>/system}" editable="{visible>/edit}">
                                        <core:Item key="{masterdataMdl>key}" text="{masterdataMdl>text}" />
                                    </ComboBox>
                                    <Label text="{i18n>sz_status}"/>
                                    <ComboBox items="{masterdataMdl>/Status}" selectedKey="{synchronizationMdl>/status}" editable="{visible>/edit}">
                                        <core:Item key="{masterdataMdl>key}" text="{masterdataMdl>text}" />
                                    </ComboBox>
                                </form:content>
                            </form:SimpleForm>
                        </uxap:blocks>
                    </uxap:ObjectPageSubSection>
                </uxap:subSections>
            </uxap:ObjectPageSection>

            <uxap:ObjectPageSection title="{i18n>sz_masterData}">
                <uxap:subSections>
                    <uxap:ObjectPageSubSection>
                        <uxap:blocks>
                            <Table id="tableMasterData" items="{path:'synchronizationMdl>/masterItems', sorter :{ path:'id',descending: false}}" mode="{= ${visible>/edit}?'Delete':'None'}" delete="onRemoveMaster">
                                <headerToolbar>
                                    <OverflowToolbar >
                                        <content>
                                            <!-- <Title text="{= 'Items ('+ ${synchronizationMdl>/masterItems}.length +')'}"/> -->
                                            <SearchField liveChange=".onSearch" width="auto" />
                                            <ToolbarSpacer />
                                            <ComboBox items="{masterdataMdl>/status}" selectedKey="5" change=".onSearchStatus">
                                                <core:Item key="{masterdataMdl>key}" text="{masterdataMdl>text}" />
                                            </ComboBox>
                                            <ToolbarSeparator />
                                            <Button icon="sap-icon://connected" type="Transparent" press="onPressCheckConnectionAll" tooltip="Check All Connection's"/>
                                            <Button icon="sap-icon://add" type="Transparent" press="onAddMaster" visible="{visible>/edit}"/>
                                            <Button tooltip="Sync All" type="Transparent" icon="sap-icon://synchronize" visible="{visible>/view}" press="onPressSyncAll" />
                                        </content>
                                    </OverflowToolbar>
                                </headerToolbar>
                                <infoToolbar>
                                    <OverflowToolbar>
                                        <Title text="{= 'Items ('+ ${synchronizationMdl>/masterItems}.length +')'}"/>
                                    </OverflowToolbar>
                                </infoToolbar>
                                <columns>
                                    <Column width="5rem" hAlign="Center" minScreenWidth="Tablet" demandPopin="true">
                                        <Label text="{i18n>sz_id}" />
                                    </Column>
                                    <Column minScreenWidth="Tablet" demandPopin="true">
                                        <Label text="{i18n>sz_name}" required="true" />
                                    </Column>
                                    <Column minScreenWidth="Tablet" demandPopin="true">
                                        <Label text="{i18n>sz_url}" required="true"/>
                                    </Column>
                                    <Column minScreenWidth="Tablet" demandPopin="true" hAlign="Center">
                                        <Label text="{i18n>sz_offlineOrOnline}" />
                                    </Column>
                                    <Column minScreenWidth="Tablet" demandPopin="true">
                                        <Label text="Last Execution" />
                                    </Column>
                                    <Column width="7rem">
                                        <Label text="{i18n>sz_status}" />
                                    </Column>
                                    <Column width="2.5rem" hAlign="Center">
                                    </Column>
                                    <Column width="3rem" hAlign="Begin" visible="{visible>/view}">
                                    </Column>
                                </columns>
                                <items>
                                    <ColumnListItem vAlign="Middle">
                                        <cells>
                                            <ObjectIdentifier text="{synchronizationMdl>id}"/>
                                            <ComboBox id="id_Master" editable="{visible>/edit}" selectedKey="{synchronizationMdl>master}" selectionChange="onChangeMaster" items="{synchronizationMdl>/masterList}" valueState="{synchronizationMdl>masterValueState}" valueStateText="{synchronizationMdl>masterValueStateText}">
                                                <core:Item key="{synchronizationMdl>key}" text="{synchronizationMdl>text}"/>
                                            </ComboBox>
                                            <HBox alignItems="Center">
                                                <Input editable="{visible>/edit}" value="{synchronizationMdl>url}" valueState="{synchronizationMdl>urlValueState}" tooltip="{synchronizationMdl>url}"/>
                                                <core:Icon class="sapUiTinyMarginBegin" color="{synchronizationMdl>urlStateColor}" src="{synchronizationMdl>urlStateIcon}" press="onPressCheckConnectionIndividual" size="1rem" busyIndicatorSize="Auto"/>
                                            </HBox>
                                            <Switch state="{synchronizationMdl>syncType}" enabled="{visible>/edit}">
                                                <layoutData>
                                                    <FlexItemData growFactor="1" />
                                                </layoutData>
                                            </Switch>
                                            <Text text="{synchronizationMdl>lastSync}"/>
                                            <ObjectStatus text="{path:'synchronizationMdl>status', formatter:'.masterStatusFormatter'}" state="{path:'synchronizationMdl>status', formatter:'.masterStatusStateFormatter'}"/>
                                            <Button icon="sap-icon://connected" press="onPressCheckConnectionIndividual" type="Transparent" tooltip="{i18n>cfg_checkConnection}" busyIndicatorSize="Auto"/>
                                            <Button icon="sap-icon://synchronize" tooltip="Sync" type="Transparent" visible="{visible>/view}" press="onPressSyncInidvidual" />
                                        </cells>
                                    </ColumnListItem>
                                </items>
                            </Table>
                        </uxap:blocks>
                    </uxap:ObjectPageSubSection>
                </uxap:subSections>
            </uxap:ObjectPageSection>
            <uxap:ObjectPageSection title="Log">
                <uxap:subSections>
                    <uxap:ObjectPageSubSection>
                        <uxap:blocks>
                            <List items="{synchronizationMdl>/logs}">
                                <infoToolbar>
                                    <OverflowToolbar>
                                        <Title text="{= 'Items ('+ ${synchronizationMdl>/logs}.length +')'}"/>
                                    </OverflowToolbar>
                                </infoToolbar>
                                <CustomListItem>
                                    <HBox>
                                        <core:Icon size="2rem" src="{= ${synchronizationMdl>status}===1?'sap-icon://sys-enter':'sap-icon://sys-cancel'}" class="sapUiSmallMarginBegin sapUiSmallMarginTopBottom" color="{= ${synchronizationMdl>status}===1?'green':'red'}" />
                                        <VBox class="sapUiSmallMarginBegin sapUiSmallMarginTopBottom">
                                            <Link text="{synchronizationMdl>title}" target="{ProductPicUrl}" press="handlePress"/>
                                            <HBox >
                                                <ObjectStatus title="Name" text="{synchronizationMdl>master}" class="sapUiTinyMarginEnd"/>
                                                <ObjectStatus title="Description" text="{synchronizationMdl>description}" class="sapUiTinyMarginEnd"/>
                                                <ObjectStatus title="Last Execution" text="{synchronizationMdl>lastSync}" class="sapUiTinyMarginEnd"/>
                                            </HBox>
                                        </VBox>
                                    </HBox>
                                </CustomListItem>
                            </List>
                        </uxap:blocks>
                    </uxap:ObjectPageSubSection>
                </uxap:subSections>
            </uxap:ObjectPageSection>
        </uxap:sections>
        <uxap:footer>
            <OverflowToolbar >
                <Button id="errorBtnEditConfig" visible="{=!!${errors>/}.length}" icon="sap-icon://error" type="Reject" press="handleMessagePopoverPress" ariaHasPopup="Dialog"/>
                <ToolbarSpacer />
                <Button icon="sap-icon://save" tooltip="{i18n>btn_save}" text="{i18n>btn_save}" type="Success" press="onPressSave"/>
                <Button icon="sap-icon://sys-cancel" tooltip="{i18n>btn_cancel}" text="{i18n>btn_cancel}" type="Reject" press="onPressCancel"/>
            </OverflowToolbar>
        </uxap:footer>
    </uxap:ObjectPageLayout>
</mvc:View>